{
	"credit": "Made with Blockbench",
	"texture_size": [64, 64],
	"textures": {
		"0": "texture",
		"particle": "texture"
	},
	"elements": [
		{
			"from": [8, 0, 7],
			"to": [9, 11, 8],
			"rotation": {"angle": 0, "axis": "y", "origin": [8.5, 10.75, 7.5]},
			"faces": {
				"north": {"uv": [0, 6.25, 0.25, 9], "texture": "#0"},
				"east": {"uv": [6.25, 0, 6.5, 2.75], "texture": "#0"},
				"south": {"uv": [2, 5.25, 2.25, 8], "texture": "#0"},
				"west": {"uv": [2.25, 5.25, 2.5, 8], "texture": "#0"},
				"up": {"uv": [5.25, 7, 5, 6.75], "rotation": 180, "texture": "#0"},
				"down": {"uv": [6.5, 6.75, 6.25, 7], "rotation": 180, "texture": "#0"}
			}
		},
		{
			"from": [6, 11, 2],
			"to": [11, 16, 13],
			"rotation": {"angle": 0, "axis": "y", "origin": [8.5, 10.75, 7.5]},
			"faces": {
				"north": {"uv": [4, 1.25, 5.25, 2.5], "texture": "#0"},
				"east": {"uv": [0, 1.25, 2.75, 2.5], "texture": "#0"},
				"south": {"uv": [2.75, 1.25, 4, 2.5], "texture": "#0"},
				"west": {"uv": [0, 0, 2.75, 1.25], "texture": "#0"},
				"up": {"uv": [1.25, 5.25, 0, 2.5], "rotation": 180, "texture": "#0"},
				"down": {"uv": [2.5, 2.5, 1.25, 5.25], "rotation": 180, "texture": "#0"}
			}
		},
		{
			"name": "hexadecagon",
			"from": [8.05245, 15.5, 5.25],
			"to": [8.94755, 16.5, 9.75],
			"rotation": {"angle": -45, "axis": "y", "origin": [8.5, 10.75, 7.5]},
			"faces": {
				"north": {"uv": [6.75, 6.75, 7, 7], "texture": "#0"},
				"east": {"uv": [6.25, 3.75, 7.375, 4], "texture": "#0"},
				"south": {"uv": [6.5, 6.75, 6.75, 7], "texture": "#0"},
				"west": {"uv": [5.25, 3.5, 6.375, 3.75], "texture": "#0"},
				"up": {"uv": [2, 7.375, 1.75, 6.25], "rotation": 180, "texture": "#0"},
				"down": {"uv": [6.5, 4, 6.25, 5.125], "rotation": 180, "texture": "#0"}
			}
		},
		{
			"name": "hexadecagon",
			"from": [8.05245, 15.5, 5.25],
			"to": [8.94755, 16.5, 9.75],
			"rotation": {"angle": -22.5, "axis": "y", "origin": [8.5, 10.75, 7.5]},
			"faces": {
				"north": {"uv": [0.5, 7, 0.75, 7.25], "texture": "#0"},
				"east": {"uv": [6.25, 5.25, 7.375, 5.5], "texture": "#0"},
				"south": {"uv": [0.25, 7, 0.5, 7.25], "texture": "#0"},
				"west": {"uv": [5, 6.25, 6.125, 6.5], "texture": "#0"},
				"up": {"uv": [6.5, 6.625, 6.25, 5.5], "rotation": 180, "texture": "#0"},
				"down": {"uv": [6.75, 0, 6.5, 1.125], "rotation": 180, "texture": "#0"}
			}
		},
		{
			"name": "hexadecagon",
			"from": [8.05245, 15.5, 5.25],
			"to": [8.94755, 16.5, 9.75],
			"rotation": {"angle": 0, "axis": "y", "origin": [8.5, 10.75, 7.5]},
			"faces": {
				"north": {"uv": [1, 7, 1.25, 7.25], "texture": "#0"},
				"east": {"uv": [6.5, 1.5, 7.625, 1.75], "texture": "#0"},
				"south": {"uv": [0.75, 7, 1, 7.25], "texture": "#0"},
				"west": {"uv": [6.5, 1.25, 7.625, 1.5], "texture": "#0"},
				"up": {"uv": [2.75, 7.625, 2.5, 6.5], "rotation": 180, "texture": "#0"},
				"down": {"uv": [3, 6.5, 2.75, 7.625], "rotation": 180, "texture": "#0"}
			}
		},
		{
			"name": "hexadecagon",
			"from": [8.05245, 15.5, 5.25],
			"to": [8.94755, 16.5, 9.75],
			"rotation": {"angle": 22.5, "axis": "y", "origin": [8.5, 10.75, 7.5]},
			"faces": {
				"north": {"uv": [1.5, 7, 1.75, 7.25], "texture": "#0"},
				"east": {"uv": [6.5, 2, 7.625, 2.25], "texture": "#0"},
				"south": {"uv": [1.25, 7, 1.5, 7.25], "texture": "#0"},
				"west": {"uv": [6.5, 1.75, 7.625, 2], "texture": "#0"},
				"up": {"uv": [3.25, 7.625, 3, 6.5], "rotation": 180, "texture": "#0"},
				"down": {"uv": [3.5, 6.5, 3.25, 7.625], "rotation": 180, "texture": "#0"}
			}
		},
		{
			"name": "hexadecagon",
			"from": [6.25, 15.5, 7.05245],
			"to": [10.75, 16.5, 7.94755],
			"rotation": {"angle": -45, "axis": "y", "origin": [8.5, 10.75, 7.5]},
			"faces": {
				"north": {"uv": [6.5, 2.5, 7.625, 2.75], "texture": "#0"},
				"east": {"uv": [7, 2.75, 7.25, 3], "texture": "#0"},
				"south": {"uv": [6.5, 2.25, 7.625, 2.5], "texture": "#0"},
				"west": {"uv": [7, 3, 7.25, 3.25], "texture": "#0"},
				"up": {"uv": [3.75, 7.625, 3.5, 6.5], "rotation": 90, "texture": "#0"},
				"down": {"uv": [4, 6.5, 3.75, 7.625], "rotation": 270, "texture": "#0"}
			}
		},
		{
			"name": "hexadecagon",
			"from": [6.25, 15.5, 7.05245],
			"to": [10.75, 16.5, 7.94755],
			"rotation": {"angle": -22.5, "axis": "y", "origin": [8.5, 10.75, 7.5]},
			"faces": {
				"north": {"uv": [4, 6.5, 5.125, 6.75], "texture": "#0"},
				"east": {"uv": [5, 7, 5.25, 7.25], "texture": "#0"},
				"south": {"uv": [6.5, 3.5, 7.625, 3.75], "texture": "#0"},
				"west": {"uv": [7, 3.25, 7.25, 3.5], "texture": "#0"},
				"up": {"uv": [7.625, 4.25, 6.5, 4], "rotation": 180, "texture": "#0"},
				"down": {"uv": [7.625, 4.25, 6.5, 4.5], "rotation": 180, "texture": "#0"}
			}
		},
		{
			"name": "hexadecagon",
			"from": [6.25, 15.5, 7.05245],
			"to": [10.75, 16.5, 7.94755],
			"rotation": {"angle": 0, "axis": "y", "origin": [8.5, 10.75, 7.5]},
			"faces": {
				"north": {"uv": [6.5, 4.75, 7.625, 5], "texture": "#0"},
				"east": {"uv": [6.5, 7, 6.75, 7.25], "texture": "#0"},
				"south": {"uv": [6.5, 4.5, 7.625, 4.75], "texture": "#0"},
				"west": {"uv": [6.25, 7, 6.5, 7.25], "texture": "#0"},
				"up": {"uv": [7.625, 5.25, 6.5, 5], "rotation": 180, "texture": "#0"},
				"down": {"uv": [7.625, 5.5, 6.5, 5.75], "rotation": 180, "texture": "#0"}
			}
		},
		{
			"name": "hexadecagon",
			"from": [6.25, 15.5, 7.05245],
			"to": [10.75, 16.5, 7.94755],
			"rotation": {"angle": 22.5, "axis": "y", "origin": [8.5, 10.75, 7.5]},
			"faces": {
				"north": {"uv": [6.5, 6, 7.625, 6.25], "texture": "#0"},
				"east": {"uv": [7, 6.75, 7.25, 7], "texture": "#0"},
				"south": {"uv": [6.5, 5.75, 7.625, 6], "texture": "#0"},
				"west": {"uv": [6.75, 7, 7, 7.25], "texture": "#0"},
				"up": {"uv": [7.625, 6.5, 6.5, 6.25], "rotation": 180, "texture": "#0"},
				"down": {"uv": [7.625, 6.5, 6.5, 6.75], "rotation": 180, "texture": "#0"}
			}
		},
		{
			"from": [6.5, 11.5, 13],
			"to": [10.5, 15.5, 13.5],
			"rotation": {"angle": 0, "axis": "y", "origin": [8.5, 10.75, 7.5]},
			"faces": {
				"north": {"uv": [1, 5.25, 2, 6.25], "texture": "#0"},
				"east": {"uv": [5.5, 6.5, 5.625, 7.5], "texture": "#0"},
				"south": {"uv": [0, 5.25, 1, 6.25], "texture": "#0"},
				"west": {"uv": [5.25, 6.5, 5.375, 7.5], "texture": "#0"},
				"up": {"uv": [6.25, 3.375, 5.25, 3.25], "rotation": 180, "texture": "#0"},
				"down": {"uv": [7.75, 0, 6.75, 0.125], "rotation": 180, "texture": "#0"}
			}
		},
		{
			"from": [7, 12, 1],
			"to": [10, 15, 1.5],
			"rotation": {"angle": 0, "axis": "y", "origin": [8.5, 10.75, 7.5]},
			"faces": {
				"north": {"uv": [6.25, 2.75, 7, 3.5], "texture": "#0"},
				"east": {"uv": [4.75, 6.75, 4.875, 7.5], "texture": "#0"},
				"south": {"uv": [1, 6.25, 1.75, 7], "texture": "#0"},
				"west": {"uv": [4.5, 6.75, 4.625, 7.5], "texture": "#0"},
				"up": {"uv": [7.5, 0.875, 6.75, 0.75], "rotation": 180, "texture": "#0"},
				"down": {"uv": [7.5, 1, 6.75, 1.125], "rotation": 180, "texture": "#0"}
			}
		},
		{
			"from": [6.5, 11.5, 1.5],
			"to": [10.5, 15.5, 2],
			"rotation": {"angle": 0, "axis": "y", "origin": [8.5, 10.75, 7.5]},
			"faces": {
				"north": {"uv": [5.25, 2.25, 6.25, 3.25], "texture": "#0"},
				"east": {"uv": [6, 6.5, 6.125, 7.5], "texture": "#0"},
				"south": {"uv": [5.25, 1.25, 6.25, 2.25], "texture": "#0"},
				"west": {"uv": [5.75, 6.5, 5.875, 7.5], "texture": "#0"},
				"up": {"uv": [7.75, 0.375, 6.75, 0.25], "rotation": 180, "texture": "#0"},
				"down": {"uv": [7.75, 0.5, 6.75, 0.625], "rotation": 180, "texture": "#0"}
			}
		},
		{
			"from": [7, 12, 13.5],
			"to": [10, 15, 14],
			"rotation": {"angle": 0, "axis": "y", "origin": [8.5, 10.75, 7.5]},
			"faces": {
				"north": {"uv": [0.25, 6.25, 1, 7], "texture": "#0"},
				"east": {"uv": [4.25, 6.75, 4.375, 7.5], "texture": "#0"},
				"south": {"uv": [5.5, 0, 6.25, 0.75], "texture": "#0"},
				"west": {"uv": [4, 6.75, 4.125, 7.5], "texture": "#0"},
				"up": {"uv": [6.25, 0.875, 5.5, 0.75], "rotation": 180, "texture": "#0"},
				"down": {"uv": [6.25, 1, 5.5, 1.125], "rotation": 180, "texture": "#0"}
			}
		}
	],
	"display": {
		"thirdperson_righthand": {
			"translation": [0, 2.75, 1.75]
		},
		"thirdperson_lefthand": {
			"translation": [0, 2.75, 1.75]
		},
		"firstperson_righthand": {
			"rotation": [0, 6, 0],
			"translation": [0, 2.25, 1.75],
			"scale": [0.82, 0.82, 0.82]
		},
		"firstperson_lefthand": {
			"rotation": [0, 6, 0],
			"translation": [0, 2.25, 1.75],
			"scale": [0.82, 0.82, 0.82]
		},
		"ground": {
			"rotation": [-180, 0, 0],
			"translation": [0, 7.75, 0],
			"scale": [1.3, 1.3, 1.3]
		},
		"gui": {
			"rotation": [0, 124, 35],
			"translation": [0, -1.25, 0],
			"scale": [0.95, 0.95, 0.95]
		},
		"head": {
			"rotation": [-94, 19, -92],
			"translation": [-5, 12.25, -1.25]
		},
		"fixed": {
			"rotation": [0, -95, 0],
			"translation": [0, 0, -2.5]
		}
	},
	"groups": [
		{
			"name": "handle",
			"origin": [0, 2, 0],
			"color": 0,
			"children": [0]
		},
		{
			"name": "uru",
			"origin": [0, 2, 0],
			"color": 0,
			"children": [
				1,
				{
					"name": "hexadecagon",
					"origin": [8, 8, 8],
					"color": 0,
					"children": [2, 3, 4, 5, 6, 7, 8, 9]
				},
				10,
				11,
				12,
				13
			]
		}
	]
}