{
	"credit": "Made with Blockbench",
	"texture_size": [64, 64],
	"textures": {
		"0": "texture",
		"particle": "texture"
	},
	"elements": [
		{
			"from": [8, 0, 7],
			"to": [9, 11, 8],
			"rotation": {"angle": 0, "axis": "y", "origin": [0, 2, 0]},
			"faces": {
				"north": {"uv": [5, 7.5, 5.5, 13], "texture": "#0"},
				"east": {"uv": [7.5, 5, 8, 10.5], "texture": "#0"},
				"south": {"uv": [5.5, 7.5, 6, 13], "texture": "#0"},
				"west": {"uv": [6, 7.5, 6.5, 13], "texture": "#0"},
				"up": {"uv": [7, 8, 6.5, 7.5], "texture": "#0"},
				"down": {"uv": [7.5, 7.5, 7, 8], "texture": "#0"}
			}
		},
		{
			"from": [7, 16, 5],
			"to": [10, 17, 10],
			"rotation": {"angle": 0, "axis": "y", "origin": [0, 2, 0]},
			"faces": {
				"north": {"uv": [8, 1, 9.5, 1.5], "texture": "#0"},
				"east": {"uv": [8, 0, 10.5, 0.5], "texture": "#0"},
				"south": {"uv": [8, 1.5, 9.5, 2], "texture": "#0"},
				"west": {"uv": [8, 0.5, 10.5, 1], "texture": "#0"},
				"up": {"uv": [7, 5, 5.5, 2.5], "texture": "#0"},
				"down": {"uv": [8.5, 2.5, 7, 5], "texture": "#0"}
			}
		},
		{
			"from": [6, 11, 2],
			"to": [11, 16, 13],
			"rotation": {"angle": 0, "axis": "y", "origin": [0, 2, 0]},
			"faces": {
				"north": {"uv": [5, 5, 7.5, 7.5], "texture": "#0"},
				"east": {"uv": [0, 0, 5.5, 2.5], "texture": "#0"},
				"south": {"uv": [5.5, 0, 8, 2.5], "texture": "#0"},
				"west": {"uv": [0, 2.5, 5.5, 5], "texture": "#0"},
				"up": {"uv": [2.5, 10.5, 0, 5], "texture": "#0"},
				"down": {"uv": [5, 5, 2.5, 10.5], "texture": "#0"}
			}
		}
	],
	"display": {
		"thirdperson_righthand": {
			"translation": [0, 0, 1.75]
		},
		"thirdperson_lefthand": {
			"translation": [0, 0, 1.75]
		},
		"firstperson_righthand": {
			"rotation": [0, 8, 0],
			"translation": [0, 1.25, -1.5],
			"scale": [0.82, 0.82, 0.82]
		},
		"firstperson_lefthand": {
			"rotation": [0, 8, 0],
			"translation": [0, 1.25, -1.5],
			"scale": [0.82, 0.82, 0.82]
		},
		"ground": {
			"rotation": [-180, 0, 0],
			"translation": [0, 14.5, 0],
			"scale": [2, 2, 2]
		},
		"gui": {
			"rotation": [0, 124, 35],
			"translation": [0, -1.25, 0],
			"scale": [0.95, 0.95, 0.95]
		},
		"head": {
			"rotation": [-180, 0, 0],
			"translation": [7.5, -29.5, -1.25]
		},
		"fixed": {
			"rotation": [0, -95, 0],
			"translation": [0, 0, -2.5]
		}
	},
	"groups": [
		{
			"name": "handle",
			"origin": [0, 2, 0],
			"color": 0,
			"children": [0]
		},
		{
			"name": "uru",
			"origin": [0, 2, 0],
			"color": 0,
			"children": [1, 2]
		}
	]
}